"Timestamp","Username","Name:","Institute id:","Institute e-mail id :","Contact:","Are you willing to register:","Suggest one activity that we can perform during the trip.","Fingerprint - DO NOT EDIT","Quilgo Test ID or Institute Id "
"2023/03/14 1:28:01 pm GMT+5:30","2021umt1861@mnit.ac.in","Nitesh Bilonia","2021umt1861","2021umt1861@mnit.ac.in","8387040036","Yes","none","jDQSodTl","2021umt1861"
"2023/03/14 1:59:12 pm GMT+5:30","2021umt1840@mnit.ac.in","Akash ","2021umt1840","2021umt1840@mnit.ac.in","7543812033","Yes","Quiz","jDQSodTl","2021umt1840"
"2023/03/14 2:07:49 pm GMT+5:30","2021umt1820@mnit.ac.in","Harsh Rohilla ","2021umt1820","2021umt1820@mnit.ac.in","9587433974","Yes","Quiz","jDQSodTl","2021umt1820"
"2023/03/14 5:10:46 pm GMT+5:30","2020umt1338@mnit.ac.in","SWAPNIL SINGH ","2020umt1338","2020umt1338@mnit.ac.in","8795000827","Yes","Damsharads","jDQSodTl","2020UMT1338"
"2023/03/14 5:15:41 pm GMT+5:30","udditkantsinha@gmail.com","UDDIT","2021UMT1791","2021umt1791@mnit.ac.in","7456886877","Yes","Singing ","jDQSodTl","2021UMT1791"
"2023/03/14 5:17:14 pm GMT+5:30","jain.umika@gmail.com","Umika Jain ","2022UAR1061 ","2022UAR1061@mnit.ac.in ","90247 96621 ","Yes","We can know about the history of the place.","jDQSodTl","2022UAR1061 "
"2023/03/14 5:17:52 pm GMT+5:30","2021uec1317@mnit.ac.in","Aakansha sharma","2021uec1317","2021uec1317@mnit.ac.in","7877715402","Yes","We can play atlas or dumb charadas like games","jDQSodTl","2021uec1317"
"2023/03/14 5:17:52 pm GMT+5:30","sanghaiharshada17@gmail.com","Harshada Sanghai ","2022uar1313","2022uar1313@mnit.ac.in","8237219108","Yes","Singing a song ","jDQSodTl","2022uar1313"
"2023/03/14 5:21:15 pm GMT+5:30","saniachoudhary2003@gmail.com","Sania choudhary","2022UAR1160","2022uar1260@mnit.ac.in","8955528870","Yes","To know the history and locals of that place ","jDQSodTl","2022uar1260"
"2023/03/14 9:01:10 pm GMT+5:30","2020UME1058@mnit.ac.in","Sourav Goyal ","2020UME1058","2020UME1058@mnit.ac.in","6350180552","Yes","Play dam siraj","GBR41Mke","2020UME1058"
"2023/03/14 9:01:10 pm GMT+5:30","2020ucp1975@mnit.ac.in","Grahil Singhal","2020ucp1975","2020ucp1975","8085095909","Yes","Enjoy","vgEjeaU6","2020UCP1975"
"2023/03/14 9:01:35 pm GMT+5:30","2021uch1766@mnit.ac.in","Amit Kumar keshari ","2021uch1766 ","2021uch1766@mnit.ac.in","7004975384","Yes","Truth and dare","Y5W3dOKu","2021uch1766 "
"2023/03/14 9:01:46 pm GMT+5:30","kshitijjagga719@gmail.com","Kshitij jagga","2021uee1019","2021uee1019@mnit.ac.in","9660556608","Yes","Cricket quiz","iU_zzOXL","2021uee1019"
"2023/03/14 9:01:46 pm GMT+5:30","skgoyalofficial@gmail.com","Sarvesh Goyal","2021ume1234","2021ume1234@mnit.ac.in","6375212922","Yes","Antakshari ","3qfKaItz","2021UME1234"
"2023/03/14 9:01:47 pm GMT+5:30","2020uce1624@mnit.ac.in","Ayush Bhardwaj","2020UCE1624","2020uce1624@mnit.ac.in","8949474926","Yes","explore","VnWb9gH1","2020UCE1624"
"2023/03/14 9:01:48 pm GMT+5:30","2020ucp1824@mnit.ac.in","Dharampal","2020ucp1824","2020ucp1824@mnit.ac.in","6376331430","Yes","Play","qDfMcnmO","2020ucp1824"
"2023/03/14 9:01:49 pm GMT+5:30","2021uee1314@mnit.ac.in","Anmol Saket","2021uee1314","2021uee1314@mnit.ac.in","7080185518","Yes","Trekking","5iG7feme","2021uee1314"
"2023/03/14 9:01:51 pm GMT+5:30","2020ucp1796@mnit.ac.in","Mridul Jain","2020ucp1796@mnit.ac.in","2020ucp1796@mnit.ac.in","7067109936","Yes","antakshri","8fcoMCyh","2020UCP1796"
"2023/03/14 9:02:00 pm GMT+5:30","2020uce1694@mnit.ac.in","Rohan Prajapati","2020uce1694","2020uce1694@mnit.ac.in","8171360265","Yes","Walking","QbqQQ1KY","2020uce1694"
"2023/03/14 9:02:02 pm GMT+5:30","2020ucp1756@mnit.ac.in","Bhuwan Joshi","2020UCP1756","2020ucp1756@mnit.ac.in","9462228903","Yes","Trekking","YJnVgHlx","✋"
"2023/03/14 9:02:03 pm GMT+5:30","devashishbadariya@gmail.com","Devashish Badaria","2020UCP1139","2020UCP1139@mnit.ac.in","9950278912","Yes","Antakshari","haW1FYjU","2020UCP1139"
"2023/03/14 9:02:05 pm GMT+5:30","2020ucp1033@mnit.ac.in","Dayanand Gurjar","2020ucp1033","2020ucp1033@mnit.ac.in","8118898183","Yes","Any sport we can play","3TG8uJZc","2020ucp1033"
"2023/03/14 9:02:07 pm GMT+5:30","adarshsingh6303@gmail.com","Adarsh Singh ","2020uce1703","2020uce1703@mnit.ac.in","8957329896","Yes","NA","QG5BDpOn","2020uce1703"
"2023/03/14 9:02:12 pm GMT+5:30","2020ucp1052@mnit.ac.in","Laxman Singh Saini ","2020ucp1052","2020ucp1052@mnit.ac.in","9509234914","Yes","None","UhvzVeKi","2020ucp1052"
"2023/03/14 9:02:14 pm GMT+5:30","2020uee1231@mnit.ac.in","Anamaya","2020uee1231","2020uee1231@mnit.ac.in ","9413205113","Yes","Antakshri","HaW1H7qs","2020uee1231"
"2023/03/14 9:02:14 pm GMT+5:30","harsharma123bte@gmail.com","Harsh Sharma","2020UEE1320","2020uee1320@mnit.ac.in","7014347246","Yes","Attankshri","mk59smAO","2020UEE1320"
"2023/03/14 9:02:16 pm GMT+5:30","2020ucp1736@mnit.ac.in","Rachit Gupta ","2020ucp1736","2020ucp1736@mnit.ac.in","7007944905","Yes","Enjoy ","K26RLn9T","K26RLn9T"
"2023/03/14 9:02:17 pm GMT+5:30","2020uee1238@mnit.ac.in","Tushar Mittal","2020UEE1238","2020uee1238@mnit.ac.in","8764933081","Yes","Damsharas","fUNITutT","2020uee1238"
"2023/03/14 9:02:18 pm GMT+5:30","2021ume1324@mnit.ac.in","Devansh nagar ","2021ume1324 ","2021ume1324@mnit.ac.in ","9116032733","Yes","Singing ","FGDEDD7h","2021ume1324 "
"2023/03/14 9:02:19 pm GMT+5:30","shoaibdhn11100@gmail.com","Shoaib akhter ","2021uch1770","1021uch1770@ mnit.ac.in","9334067723","Yes","Damsara","SxRWXELM","2021uch1770"
"2023/03/14 9:02:28 pm GMT+5:30","2021umt1865@mnit.ac.in","Akshta mahajan","2021umt1865 ","2021umt1865@mnit.ac.in ","8871115868","Yes","Dancing","TKFBSoaY","Y"
"2023/03/14 9:02:29 pm GMT+5:30","abhyudaytripathi585@gmail.com","ABHYUDAY TRIPATHI ","2020UMT1974","2020umt1974@mnit.ac.in","6200146158","Yes","Fun event ","bOQ_kmK_","2020UMT1974"
"2023/03/14 9:02:31 pm GMT+5:30","2020umt1308@mnit.ac.in","Kapil jain","2020umt1308","2020umt1308@mnit.ac.in","7425092893","Yes","Exploring the hauntedness of Bhangar and finding reason behind that ","QTlSRYQC","2020umt1308"
"2023/03/14 9:02:41 pm GMT+5:30","2020ucp1799@mnit.ac.in","Rahul Sharma","2020ucp1799","2020ucp1799@mnit.ac.in","9460757499","Yes","singing","H5BJ1i-I","2020UCP1799"
"2023/03/14 9:02:48 pm GMT+5:30","2020ucp1749@mnit.ac.in","Tarun goyal","2020ucp1749","2020ucp1749@mnit.ac.in","7206701131","Yes",".","2-DggrbA","2020ucp1749"
"2023/03/14 9:02:48 pm GMT+5:30","2021UEC1513@mnit.ac.in","Tushar Nagar ","2021UEC1513","2021UEC1513@mnit.ac.in","8080098260","Yes","Playing games ","TWcYsxJZ","2021UEC1513"
"2023/03/14 9:02:50 pm GMT+5:30","2020ume1857@mnit.ac.in","Vishwas Gupta ","2020UME1857 ","2020ume1857@mnit.ac.in ","8890135220","Yes","Play antakshari","xh3g9WRD","2020UME1857 "
"2023/03/14 9:03:11 pm GMT+5:30","2020uee1583@mnit.ac.in","RAJVEER BAIRWA","2020UEE1583","2020uee1583@mnit.ac.in","8619978531","Yes","treking","IumNpZV7","2020UEE1583"
"2023/03/14 9:03:16 pm GMT+5:30","2020ucp1165@mnit.ac.in","Asmit Kumar Panika ","2020ucp1165","2020ucp1165@mnit.ac.in","7489657305","Yes","We can sing songs while traveling in the bus","WhfhHHrF","2020ucp1165"
"2023/03/14 9:03:29 pm GMT+5:30","adeepakmathur@gmail.com","deepak mathur","2020uec1465","2020uec1465@mnit.ac.in","7906584343","Yes",".","z6VgqDHH","2020uec1465"
"2023/03/14 9:03:33 pm GMT+5:30","2021uec1524@mnit.ac.in","Shobhit kumawat ","2021UEC1524 ","2021uec1524@mnit.ac.in ","8764989230","Yes","Some game","08gTjs6Q","2021UEC1524 "
"2023/03/14 9:03:43 pm GMT+5:30","2020uce1959@mnit.ac.in","Raghvendra Bhadauria ","2020uce1959,mnit.ac.in","2020uce1959@mnit.ac.in","9528775500","Yes","NA","yx6nz0fT","2020uce1959"
"2023/03/14 9:03:49 pm GMT+5:30","2021uee1373@mnit.ac.in","Bhavy jain","2021uee1373","2021uee1373@mnit.ac.in","6377353550","Yes","Singing songs","Ke6E685z","2021uee1373"
"2023/03/14 9:04:04 pm GMT+5:30","2021uec1497@mnit.ac.in","Harsh Lamba ","2021UEC1497","2021uec1497@mnit.ac.in","9784716240","Yes","-","QXGfyWyI","2021UEC1497"
"2023/03/14 9:04:11 pm GMT+5:30","2021uec1228@mnit.ac.in","Nikhil Agrawal","2021UEC1228","2021uec1228@mnit.ac.in","7970055313","Yes","Bone fire","n5Xgb-kW","2021UEC1228"
"2023/03/14 9:04:16 pm GMT+5:30","2021ucp1053@mnit.ac.in","Ankit kumar","2021ucp1054","2021ucp1053@mnit.ac.in","7340677529","Yes","dc","6utYaa7J","ff"
"2023/03/14 9:04:37 pm GMT+5:30","2021ume1455@mnit.ac.in","Akshita tigaya ","2021ume1455 ","2021ume1455@mnit.ac.in ","7877072249","Yes","Antakshri","1Vm9CEL6","2021ume1455 "
"2023/03/14 9:04:43 pm GMT+5:30","2021UME1042@mnit.ac.in","Ayush Saini","2021UME1042 ","2021UME1042@mnit.ac.in ","7851049346","Yes","अंताक्षरी ","bT2MjqSH","2021UME1042"
"2023/03/14 9:04:53 pm GMT+5:30","2020ucp1059@mnit.ac.in","Amrit Anand","2020UCP1059","2020ucp1059@mnit.ac.in","8229899854","Yes","Lots of enjoyment ","up4F48aQ","2020ucp1059"
"2023/03/14 9:04:56 pm GMT+5:30","2020ucp1091@mnit.ac.in","Harsh","2020ucp1091","2020ucp1091@mnit.ac.in","9555740636","Yes","Hunting game ","zZSnTb2v","2020ucp1091"
"2023/03/14 9:05:02 pm GMT+5:30","arvindpareek460@gmail.com","Arvind Kumar pareek ","2021uec1449","2021uec1449@mnit.ac.in","9602561980","Yes","-","66qve013","2021uec1449"
"2023/03/14 9:05:20 pm GMT+5:30","2021UEC1548@mnit.ac.in","Rupali jaiswal ","2021UEC1548 ","2021UEC1548@mnit.ac.in ","95809 95529 ","Yes","Fun game ","NFc0edy3","2021UEC1548 "
"2023/03/14 9:05:24 pm GMT+5:30","2021umt1655@mnit.ac.in","Suyash bondriya ","2021umt1655","2021umt1655@mnit.ac.in","9826434864","Yes",".","sjRjPPaj","2021umt1655"
"2023/03/14 9:07:23 pm GMT+5:30","2021uce1503@mnit.ac.in","Mayank Pal Singh Choudhary ","2021uce1503","2021uce1503@mnit.ac.in","8875276310","Yes","I would like to explore the area","aB3-qz-U","2021uce1503"
"2023/03/14 9:08:02 pm GMT+5:30","2020uce1481@mnit.ac.in","Ronak Ranasaria ","2020UCE1481","2020ucce1481@mnit.ac.in","7737475527","Yes","Antrakshri ","Si4kWUEi","2020UCE1481"
"2023/03/14 9:09:31 pm GMT+5:30","2021uee1516@mnit.ac.in","Divyanshu Raj","2021uee1516","2021uee1516@mnit.ac.in","7209775133","Yes","Sightseeing ","GsFFxsLw","2021UEE1516"
"2023/03/14 9:11:53 pm GMT+5:30","2020ucp1873@mnit.ac.in","Diksha mehta","2020ucp1873","2020ucp1873@mnit.ac.in","9511116088","Yes","Games n songs","RDyQztXt","2020ucp1873"
"2023/03/14 9:12:32 pm GMT+5:30","2021uee1764@mnit.ac.in","Vivek Kumar ","2021uee1764","2021uee1764@mnit.ac.in","6394659600","Yes","Picnic","TXoW1BK7","2021uee1764"
"2023/03/14 9:12:46 pm GMT+5:30","2021uee1521@mnit.ac.in","Aman Jaiswal ","2021UEE1521","2021uee1521@mnit.ac.in","8416949232","Yes","Dumsharas ","eRk_5LBy","2021UEE1521"
"2023/03/14 9:13:11 pm GMT+5:30","bhagirath.8287@gmail.com","BHAGIRATH MEENA ","2021uee1803","2021uee1803@mnit.ac.in","8178281539","Yes","Hide-n-seek","16PtUz92","2021uee1803"
"2023/03/14 9:13:30 pm GMT+5:30","2021uee1714@mnit.ac.in","Arshad Ali ","2021uee1714","2021uee1714@mnit.ac.in","8957475027","Yes","Hiking ","lSks4Lu3","2021uee1714"
"2023/03/14 9:14:10 pm GMT+5:30","2021uee1758@mnit.ac.in","Kunal Singh ","2021UEE1758","2021uee1758@mnit.ac.in","9887069842","Yes","Picnic","3RnA0I-z","2021uee1758"
"2023/03/14 9:26:17 pm GMT+5:30","2021uec1454@mnit.ac.in","Ronak Gupta ","2021uec1454","2021uec1454@mnit.ac.in","9982872237","Yes","Games","WSd0Lr_9","2021uec1454"
"2023/03/14 9:27:19 pm GMT+5:30","2021ucp1308@mnit.ac.in","Pradeep kumhar ","2021ucp1308","2021ucp1308@mnit.ac.in","7665519525","Yes","Antarikshari ","Qhnxli99","2021ucp1308"
"2023/03/14 9:28:27 pm GMT+5:30","2020ucp1778@mnit.ac.in","Tanishq Kakkar","2020UCP1778","2020ucp1778@mnit.ac.in","7393894333","Yes","Playing games during the trip.","Z9wuzdOo","2020UCP1778"
"2023/03/14 9:33:43 pm GMT+5:30","2021umt1880@mnit.ac.un","Abhishek kumar","2021umt1880","2021umt1880@mnit.ac.in","9430984094","Yes",":","9XQuqEna","2021umt1880"
"2023/03/14 9:36:22 pm GMT+5:30","borawardeepa@gmail.com","Deepa Borawar ","2021UAR1160 ","2021UAR1160@mnit.ac.in ","9057840936 ","Yes","Watch Znmd movie ","VoDR8HIc","2021UAR1160 "
"2023/03/14 9:37:04 pm GMT+5:30","anjaligautam3705@gmail.com","Anjali gautam","2021uch1031","2021uch1031","8009742876","Yes","Dumcharads","1wHjt7og","2021uch1031"
"2023/03/14 9:38:45 pm GMT+5:30","2020uee1523@mnit.ac.in","KANA RAM VERMA ","2020UEE1523","2020uee1523@mnit.ac.in","9950512205","Yes",".","YtIIXd2c","2020UEE1523"
"2023/03/14 9:39:01 pm GMT+5:30","2021UCH1710@mnit.ac.in","VAIBHAV SHARMA ","2021UCH1710","2021UCH1710@mnit.ac.in","9785469106","Yes","Trekking ","VVl_2KEY","2021UCH1710"
"2023/03/14 9:41:40 pm GMT+5:30","2020UMt1340@mnit.ac.in","Harsh vardhan singh ","2020UMT1340","2020UMT1340@mnit.ac.in","6375926472","Yes","Hiking ","vQToIlOQ","2020UMT1340"
"2023/03/14 9:53:07 pm GMT+5:30","2021uee1562@mnit.ac.in","Bhanu pratap singh ","2021uee1562","2021uee1562@mnit.ac.in","7820012481","Yes","Jamming on the way","-Kk_uxzb","2021uee1562"
"2023/03/14 10:14:50 pm GMT+5:30","2021ume1443@mnit.ac.in","Yashvardhan Singh ","2021UME1443 ","2021ume1443@mnit.ac.in ","8354082720 ","Yes","We can do a competition like to record the trip and show it in thr best way","6Qlt8hJY","2021UME1443 "
"2023/03/14 10:15:58 pm GMT+5:30","princesingh582004@gmail.com","Rohit Singh ","2021UME1448","2021ume1448@mnit.ac.in","9068698508","Yes","Cards ","hclZP2j-","2021UME1448"
"2023/03/14 10:41:58 pm GMT+5:30","2020uee1185@mnit.ac.in","Prerit Jain","2020uee1185","2020uee1185@mnit.ac.in","9024789017","Yes","Dumb cherades","m-moCsZS","2020uee1185"
"2023/03/14 10:43:08 pm GMT+5:30","2020ume1065@mnit.ac.in","Aman ","2020ume1065","2020ume1065@mnit.ac.in","6377421767","Yes","Singing ","9kpTCazd","9kpTCazd"
"2023/03/14 10:45:20 pm GMT+5:30","2021uec1477@mnit.ac.in","Tanya Singh","2021UEC1477","2021uec1477@mnit.ac.in","8434267992","Yes","Make reels","ktAS-xaJ","2021UEC1477"
"2023/03/14 10:53:31 pm GMT+5:30","2021umt1816@mnit.ac.in","Lalit chitoshiya ","2021umt1816","2021umt1816@mnit.ac.in","9672275318","Yes","Cards","pS8k_XA2","2021umt1816"
"2023/03/14 10:58:36 pm GMT+5:30","inampathanengr@gmail.com","Inam pathan","2021uch1671","2021uch1671@mnit.ac.in","9103249629","Yes","Bore fire.","LiS4fiV9","2021uch1671"
"2023/03/14 10:59:50 pm GMT+5:30","2020uch1519@mnit.ac.in","Aniket Prajapati","2020uch1519","2020uch1519mnit.ac.in","7983407124","Yes","Performing some group activities ","m9NuEq4p","2020uch1519"
"2023/03/14 11:47:11 pm GMT+5:30","2020uec1066@mnit.ac.in","Abhishek Mittal","2020uec1066","2020uec1066@mnit.ac.in","7610025970","Yes","some kind of small team based games","7zbhsKYw","2020uec1066"
"2023/03/15 12:46:38 am GMT+5:30","ramrajmeena322033@gmail.com","Ramraj meena ","2021umt1870","2021umt1870@mniz.ac.in","7976332993","Yes","visit and explore in historical places in bhangarh ","w1JAVeaF","2021umt1870"
"2023/03/15 12:52:38 am GMT+5:30","2021uch1805@mnit.ac.in","Pramod Meena ","2021uch1805","2021uch1805@mnit.ac.in","2021uch1805@mnit.ac.in","Yes","Photography ","G8XWKjFu","2021uch1805"
"2023/03/15 9:07:50 am GMT+5:30","2021umt1866@mnit.ac.in","Vaishali gautam ","2021umt1866","2021umt1866@mnit.ac.in","8957041145","Yes","Game ","mGDAiOb7","2021umt1866"
"2023/03/15 12:15:38 pm GMT+5:30","2021UCE1568@mnit.ac.in","Jigyanshu Singh Titiyal ","2021UCE1568","2021UCE1568@mnit.ac.in","9821202630","Yes","Fun activity ","M71NmtO6","2021UCE1568"
"2023/03/15 12:15:42 pm GMT+5:30","2021uce@mnit.ac.in","Arun kumar","2021UCE1586","2021uce@mnit.ac.in","9044850371","Yes","Anything","Go45uhbv","Ok"